单词,词频,年份
the,145,"['1990-62', '1990-64', '1990-65', '1991-71', '1991-72', '1991-73', '1991-74', '1991-75', '1992-71', '1992-73', '1992-74', '1992-75', '1993-71', '1993-72', '1993-73', '1993-74', '1993-75', '1994-71', '1994-72', '1994-73', '1994-74', '1994-75', '1995-71', '1995-72', '1995-73', '1995-74', '1996-72', '1996-73', '1996-74', '1996-75', '1997-71', '1997-73', '1997-74', '1998-71', '1998-72', '1998-73', '1998-74', '1998-75', '1999-71', '1999-72', '1999-73', '1999-74', '1999-75', '2000-71', '2000-72', '2000-73', '2000-74', '2000-75', '2001-73', '2001-74', '2001-75', '2002-62', '2002-63', '2002-64', '2002-65', '2003-61', '2003-62', '2003-63', '2003-65', '2004-61', '2004-62', '2004-63', '2004-64', '2004-65', '2005-46', '2005-48', '2005-49', '2006-46', '2006-47', '2006-48', '2006-49', '2007-46', '2007-47', '2007-48', '2007-49', '2008-46', '2008-48', '2008-49', '2008-50', '2009-46', '2009-47', '2009-48', '2009-49', '2009-50', '2010-46', '2010-47', '2010-48', '2010-49', '2010-50', '2011-47', '2011-48', '2011-49', '2011-50', '2012-49', '2012-50', '2013-46', '2013-48', '2013-49', '2013-50', '2014-46', '2014-47', '2014-48', '2014-49', '2014-50', '2015-46', '2015-47', '2015-48', '2015-49', '2015-50', '2016-46', '2016-49', '2016-50', '2017-46', '2017-47', '2017-48', '2017-49', '2017-50', '2018-46', '2018-47', '2018-48', '2018-49', '2018-50', '2019-46', '2019-47', '2019-48', '2019-49', '2020-46', '2020-47', '2020-48', '2020-49', '2020-50', '2021-46', '2021-47', '2021-48', '2021-49', '2021-50', '2022-46', '2022-47', '2022-48', '2022-49', '2022-50', '2023-46', '2023-47', '2023-48', '2023-50']"
be,135,"['1990-62', '1990-63', '1990-64', '1990-65', '1991-71', '1991-72', '1991-73', '1991-74', '1992-71', '1992-72', '1992-73', '1992-74', '1992-75', '1993-71', '1993-72', '1993-74', '1993-75', '1994-72', '1994-73', '1994-74', '1994-75', '1995-71', '1995-72', '1995-74', '1995-75', '1996-71', '1996-72', '1996-74', '1997-71', '1997-73', '1997-74', '1997-75', '1998-71', '1998-72', '1998-73', '1998-74', '1998-75', '1999-71', '1999-73', '1999-74', '2000-72', '2000-73', '2000-74', '2001-71', '2001-72', '2001-74', '2002-61', '2002-62', '2002-63', '2002-64', '2002-65', '2003-62', '2003-65', '2004-61', '2004-62', '2004-63', '2004-64', '2005-46', '2005-47', '2005-48', '2005-49', '2005-50', '2006-47', '2006-48', '2006-49', '2007-46', '2007-47', '2007-49', '2007-50', '2008-47', '2008-48', '2008-49', '2008-50', '2009-46', '2009-47', '2009-48', '2009-49', '2009-50', '2010-48', '2010-49', '2010-50', '2011-46', '2011-47', '2011-49', '2011-50', '2012-47', '2012-48', '2012-49', '2012-50', '2013-47', '2013-48', '2013-50', '2014-46', '2014-47', '2014-48', '2014-49', '2014-50', '2015-46', '2015-47', '2015-49', '2015-50', '2016-47', '2016-48', '2016-49', '2016-50', '2017-46', '2017-47', '2017-48', '2017-50', '2018-46', '2018-47', '2018-48', '2018-49', '2018-50', '2019-46', '2019-47', '2019-48', '2019-49', '2019-50', '2020-46', '2020-47', '2020-48', '2020-49', '2020-50', '2021-46', '2021-49', '2021-50', '2022-46', '2022-47', '2022-49', '2023-46', '2023-47', '2023-48', '2023-49', '2023-50']"
of,130,"['1990-62', '1990-65', '1991-71', '1991-72', '1991-73', '1992-71', '1992-73', '1992-74', '1992-75', '1993-71', '1993-72', '1993-73', '1993-74', '1993-75', '1994-71', '1994-72', '1994-73', '1994-75', '1995-72', '1995-73', '1996-71', '1996-72', '1996-73', '1996-74', '1996-75', '1997-71', '1997-72', '1997-74', '1998-72', '1998-74', '1998-75', '1999-71', '1999-72', '1999-73', '1999-74', '1999-75', '2000-71', '2000-72', '2000-74', '2000-75', '2001-72', '2001-73', '2001-74', '2001-75', '2002-61', '2002-62', '2002-63', '2002-64', '2002-65', '2003-62', '2003-63', '2003-64', '2003-65', '2004-61', '2004-62', '2004-63', '2004-64', '2004-65', '2005-46', '2005-48', '2005-49', '2006-46', '2006-47', '2006-48', '2006-49', '2006-50', '2007-46', '2007-48', '2007-49', '2007-50', '2008-46', '2008-47', '2008-48', '2008-49', '2008-50', '2009-46', '2009-47', '2009-48', '2009-50', '2010-47', '2010-48', '2010-49', '2011-47', '2011-48', '2011-50', '2012-46', '2012-50', '2013-46', '2013-47', '2013-48', '2013-49', '2013-50', '2014-47', '2014-48', '2014-49', '2014-50', '2015-47', '2015-48', '2015-49', '2015-50', '2016-46', '2016-47', '2017-46', '2017-47', '2017-49', '2017-50', '2018-46', '2018-47', '2018-48', '2018-49', '2018-50', '2019-46', '2019-47', '2019-48', '2019-50', '2020-46', '2020-47', '2020-48', '2020-49', '2021-46', '2021-47', '2021-48', '2021-49', '2021-50', '2022-47', '2023-46', '2023-47', '2023-48', '2023-49', '2023-50']"
to,107,"['1990-61', '1990-63', '1990-65', '1991-72', '1991-73', '1991-74', '1991-75', '1992-71', '1992-72', '1992-74', '1992-75', '1993-73', '1993-74', '1993-75', '1994-74', '1995-73', '1995-74', '1996-71', '1996-72', '1996-73', '1996-74', '1996-75', '1997-73', '1998-71', '1998-72', '1999-71', '1999-72', '1999-73', '1999-74', '1999-75', '2000-73', '2001-73', '2001-74', '2002-61', '2002-62', '2002-63', '2002-64', '2002-65', '2003-61', '2003-62', '2003-63', '2004-62', '2004-65', '2005-46', '2005-47', '2005-48', '2005-49', '2005-50', '2006-47', '2006-48', '2006-49', '2007-47', '2007-49', '2007-50', '2008-46', '2008-47', '2008-49', '2008-50', '2009-48', '2009-49', '2009-50', '2010-46', '2010-47', '2010-49', '2010-50', '2011-46', '2011-47', '2011-49', '2011-50', '2012-46', '2012-47', '2012-48', '2012-49', '2013-47', '2013-49', '2013-50', '2014-46', '2014-50', '2015-46', '2015-48', '2015-50', '2016-47', '2016-48', '2016-49', '2016-50', '2017-48', '2017-49', '2017-50', '2018-47', '2018-48', '2018-50', '2019-47', '2019-48', '2019-49', '2020-46', '2020-48', '2020-49', '2020-50', '2021-47', '2022-46', '2022-48', '2022-49', '2022-50', '2023-46', '2023-48', '2023-49', '2023-50']"
and,104,"['1990-61', '1990-62', '1990-63', '1990-65', '1991-71', '1991-72', '1991-73', '1992-75', '1993-71', '1993-72', '1993-73', '1993-74', '1994-71', '1994-72', '1994-73', '1995-72', '1995-73', '1995-74', '1995-75', '1996-74', '1997-72', '1998-71', '1998-73', '1998-75', '1999-71', '1999-72', '1999-75', '2000-71', '2000-72', '2000-73', '2001-71', '2001-72', '2001-73', '2001-75', '2002-61', '2002-62', '2002-63', '2002-64', '2002-65', '2003-61', '2003-62', '2003-63', '2003-64', '2003-65', '2004-62', '2004-63', '2004-64', '2004-65', '2005-46', '2005-47', '2005-49', '2006-46', '2006-50', '2007-47', '2007-48', '2007-50', '2008-46', '2008-47', '2008-49', '2008-50', '2009-46', '2009-47', '2010-50', '2011-46', '2011-48', '2011-49', '2012-46', '2012-48', '2013-46', '2013-49', '2014-46', '2014-47', '2014-48', '2014-49', '2015-48', '2015-49', '2015-50', '2016-46', '2016-48', '2016-50', '2017-48', '2017-49', '2017-50', '2018-46', '2018-47', '2018-48', '2018-49', '2018-50', '2019-46', '2019-50', '2020-46', '2020-48', '2020-49', '2020-50', '2021-47', '2021-48', '2021-49', '2021-50', '2022-46', '2022-47', '2022-49', '2023-46', '2023-47', '2023-49']"
that,85,"['1990-62', '1990-63', '1990-64', '1990-65', '1991-72', '1991-73', '1991-74', '1992-73', '1993-72', '1993-73', '1993-74', '1993-75', '1994-72', '1994-74', '1995-71', '1996-72', '1996-74', '1997-71', '1997-72', '1997-73', '1997-74', '1997-75', '1998-71', '1998-74', '1998-75', '1999-71', '2000-72', '2000-74', '2001-71', '2001-73', '2001-74', '2001-75', '2002-61', '2003-62', '2003-64', '2004-61', '2004-63', '2004-64', '2004-65', '2005-47', '2005-48', '2005-49', '2006-47', '2007-48', '2008-46', '2008-47', '2008-48', '2008-49', '2008-50', '2009-46', '2009-50', '2010-46', '2010-47', '2010-48', '2010-50', '2011-46', '2011-47', '2011-49', '2011-50', '2012-47', '2012-49', '2012-50', '2013-46', '2013-50', '2014-50', '2015-46', '2016-46', '2016-49', '2016-50', '2017-46', '2017-47', '2018-47', '2018-50', '2019-47', '2019-49', '2019-50', '2020-47', '2020-48', '2021-46', '2021-47', '2021-49', '2022-47', '2022-48', '2023-47', '2023-50']"
in,84,"['1990-64', '1990-65', '1991-71', '1991-72', '1991-73', '1991-74', '1992-74', '1993-72', '1993-73', '1993-75', '1994-72', '1994-74', '1995-71', '1995-73', '1995-74', '1996-71', '1996-72', '1996-73', '1996-74', '1996-75', '1997-74', '1997-75', '1998-72', '1998-73', '1998-75', '1999-72', '1999-73', '1999-74', '2000-72', '2000-73', '2000-74', '2001-72', '2001-75', '2002-63', '2002-64', '2003-61', '2003-62', '2003-65', '2004-61', '2004-64', '2004-65', '2005-46', '2005-47', '2005-48', '2005-50', '2006-46', '2006-47', '2006-49', '2007-46', '2007-47', '2007-49', '2008-46', '2008-49', '2009-46', '2009-47', '2009-48', '2009-49', '2010-49', '2010-50', '2011-47', '2011-48', '2011-49', '2011-50', '2012-46', '2012-48', '2012-49', '2013-48', '2013-49', '2013-50', '2015-46', '2015-47', '2015-48', '2016-48', '2017-48', '2018-48', '2019-46', '2019-49', '2021-47', '2021-48', '2021-49', '2022-47', '2022-50', '2023-46', '2023-50']"
a,75,"['1991-73', '1991-75', '1992-72', '1992-73', '1992-75', '1993-73', '1993-74', '1993-75', '1994-72', '1994-73', '1995-73', '1996-72', '1996-73', '1997-72', '1997-75', '1998-74', '1998-75', '2000-72', '2000-74', '2001-73', '2001-74', '2001-75', '2002-63', '2002-64', '2002-65', '2003-63', '2003-64', '2004-64', '2004-65', '2005-48', '2005-49', '2005-50', '2006-46', '2006-47', '2006-49', '2007-46', '2007-47', '2007-49', '2008-47', '2008-48', '2008-50', '2009-46', '2009-47', '2009-49', '2009-50', '2010-47', '2011-47', '2011-48', '2011-49', '2012-46', '2012-49', '2013-47', '2013-49', '2013-50', '2014-47', '2014-48', '2015-46', '2015-47', '2015-48', '2015-49', '2015-50', '2016-47', '2017-50', '2018-47', '2018-48', '2018-49', '2019-46', '2019-47', '2020-48', '2020-49', '2021-47', '2021-50', '2022-46', '2023-47', '2023-50']"
it,49,"['1991-72', '1991-74', '1992-72', '1993-71', '1993-72', '1993-73', '1993-74', '1994-72', '1995-72', '1997-71', '1997-73', '1997-75', '1998-71', '1998-75', '1999-75', '2000-72', '2001-74', '2002-65', '2005-46', '2005-50', '2007-47', '2007-49', '2007-50', '2009-46', '2009-48', '2010-50', '2012-47', '2012-48', '2012-50', '2013-46', '2013-47', '2013-48', '2013-50', '2014-46', '2014-48', '2014-50', '2015-46', '2015-47', '2016-46', '2016-47', '2016-49', '2016-50', '2017-50', '2019-49', '2020-49', '2022-46', '2022-47', '2022-49', '2023-47']"
have,47,"['1990-63', '1991-72', '1991-75', '1992-75', '1993-73', '1993-74', '1993-75', '1994-73', '1995-75', '1996-75', '1997-71', '1998-71', '1998-75', '1999-72', '2001-72', '2001-73', '2002-62', '2003-61', '2004-61', '2004-62', '2005-46', '2005-47', '2006-46', '2006-48', '2007-46', '2007-49', '2008-46', '2008-47', '2008-48', '2009-50', '2010-47', '2011-49', '2015-46', '2016-48', '2016-49', '2018-49', '2018-50', '2019-47', '2019-48', '2020-46', '2020-47', '2021-46', '2021-47', '2022-47', '2022-48', '2022-49', '2022-50']"
as,42,"['1991-75', '1992-75', '1993-75', '1994-71', '1994-72', '1994-73', '1994-75', '1995-73', '1996-75', '1997-72', '1998-72', '1998-74', '1999-71', '1999-72', '1999-75', '2000-71', '2001-72', '2003-64', '2004-62', '2005-46', '2005-47', '2006-46', '2006-47', '2007-46', '2007-47', '2008-48', '2009-47', '2009-48', '2010-47', '2010-49', '2013-47', '2013-48', '2013-49', '2016-47', '2016-49', '2016-50', '2017-46', '2018-48', '2019-48', '2020-49', '2022-50', '2023-48']"
which,39,"['1990-64', '1991-73', '1992-73', '1992-75', '1993-71', '1993-75', '1994-75', '1995-72', '1997-71', '2002-64', '2003-61', '2003-62', '2003-64', '2003-65', '2004-61', '2004-65', '2005-46', '2005-47', '2005-49', '2006-47', '2006-49', '2006-50', '2007-47', '2008-47', '2008-49', '2009-49', '2009-50', '2012-49', '2013-47', '2013-48', '2013-49', '2014-49', '2015-49', '2015-50', '2016-47', '2017-50', '2018-47', '2019-46', '2021-50']"
for,36,"['1990-64', '1991-75', '1992-72', '1992-74', '1995-71', '1995-75', '1996-75', '1997-75', '1998-71', '1998-72', '1998-74', '1998-75', '2000-73', '2002-64', '2003-62', '2004-65', '2007-50', '2008-47', '2011-48', '2012-46', '2012-47', '2013-46', '2014-47', '2014-49', '2015-49', '2016-46', '2016-49', '2017-50', '2019-47', '2019-48', '2019-49', '2020-48', '2020-49', '2021-47', '2021-50', '2022-50']"
by,36,"['1990-62', '1992-71', '1992-75', '1993-71', '1993-73', '1993-74', '1994-73', '1995-72', '1996-73', '1999-73', '2000-75', '2001-71', '2003-64', '2005-46', '2005-48', '2008-48', '2009-47', '2010-48', '2012-49', '2013-46', '2013-49', '2014-47', '2014-48', '2014-50', '2016-46', '2017-49', '2018-46', '2019-46', '2019-48', '2020-46', '2020-48', '2020-50', '2021-48', '2021-50', '2022-47', '2023-47']"
with,35,"['1990-63', '1991-74', '1992-73', '1992-75', '1993-74', '1995-71', '1995-72', '1996-74', '1997-73', '1998-73', '1999-75', '2000-72', '2000-74', '2001-71', '2001-72', '2002-65', '2003-63', '2004-61', '2005-50', '2006-48', '2008-47', '2009-48', '2009-49', '2010-46', '2011-47', '2014-46', '2014-48', '2014-49', '2015-50', '2016-48', '2018-48', '2018-49', '2020-46', '2021-46', '2023-48']"
or,32,"['1990-64', '1991-71', '1992-71', '1992-73', '1993-72', '1994-75', '1995-71', '1995-73', '1995-74', '1997-73', '1999-74', '2000-74', '2000-75', '2004-62', '2006-50', '2009-49', '2009-50', '2010-47', '2010-48', '2011-47', '2012-48', '2012-50', '2013-48', '2013-50', '2015-46', '2019-49', '2020-50', '2021-48', '2021-50', '2022-48', '2022-49', '2023-49']"
not,30,"['1991-72', '1991-73', '1992-72', '1992-75', '1993-72', '1993-75', '1994-71', '1995-74', '1995-75', '1996-73', '1997-71', '1997-75', '2005-48', '2006-48', '2006-49', '2007-49', '2008-48', '2008-50', '2009-46', '2009-48', '2009-49', '2011-46', '2013-48', '2014-46', '2017-47', '2017-48', '2019-49', '2021-47', '2022-48', '2023-49']"
this,26,"['1990-63', '1991-72', '1991-73', '1991-74', '1996-72', '1996-73', '1997-74', '1999-73', '2000-71', '2000-72', '2003-63', '2005-48', '2008-46', '2009-46', '2009-47', '2009-49', '2011-47', '2011-48', '2012-46', '2013-50', '2019-46', '2019-48', '2019-49', '2020-48', '2022-46', '2022-48']"
but,23,"['1991-72', '1992-75', '1993-71', '1993-72', '1996-73', '1998-71', '2001-74', '2006-48', '2006-49', '2006-50', '2007-48', '2008-50', '2009-46', '2010-47', '2010-50', '2014-50', '2015-47', '2015-48', '2017-46', '2017-48', '2018-48', '2022-49', '2023-47']"
we,22,"['1990-61', '1991-72', '1991-73', '1992-73', '1994-72', '2001-73', '2004-62', '2005-50', '2009-49', '2009-50', '2010-47', '2011-46', '2011-47', '2011-49', '2011-50', '2012-46', '2013-49', '2014-46', '2015-46', '2018-50', '2019-50', '2020-50']"
more,21,"['1991-75', '1992-71', '1993-72', '1994-71', '1995-75', '1996-74', '1998-71', '1999-72', '2002-63', '2006-49', '2006-50', '2007-48', '2008-50', '2009-47', '2009-50', '2010-49', '2012-47', '2012-49', '2015-49', '2020-47', '2020-48']"
all,21,"['1991-71', '1991-75', '1992-74', '1993-71', '1993-73', '1997-73', '2000-72', '2000-74', '2002-61', '2003-61', '2011-46', '2012-46', '2012-47', '2013-46', '2014-46', '2014-47', '2015-50', '2016-46', '2016-49', '2017-49', '2017-50']"
on,20,"['1992-71', '1992-75', '1994-74', '1994-75', '1995-72', '1998-73', '2002-61', '2003-63', '2005-50', '2006-50', '2007-47', '2007-48', '2007-49', '2007-50', '2008-48', '2010-48', '2013-49', '2020-49', '2022-49', '2023-47']"
they,19,"['1990-61', '1992-75', '1993-73', '1993-74', '1994-71', '1995-75', '1996-75', '1998-71', '2001-71', '2002-64', '2003-61', '2006-50', '2007-47', '2010-48', '2016-48', '2021-49', '2021-50', '2022-49', '2023-47']"
an,19,"['1990-64', '1995-75', '1997-71', '1997-72', '1997-75', '1999-72', '2003-65', '2005-48', '2006-46', '2006-49', '2007-46', '2007-48', '2011-46', '2013-48', '2014-47', '2014-48', '2015-47', '2019-48', '2022-47']"
will,18,"['1990-64', '1991-71', '1991-72', '1991-73', '1991-74', '1991-75', '1995-72', '1998-74', '2001-71', '2001-72', '2001-74', '2001-75', '2002-65', '2009-49', '2016-49', '2016-50', '2023-48', '2023-49']"
their,17,"['1993-72', '1993-73', '1998-73', '1999-75', '2003-61', '2003-62', '2004-62', '2004-63', '2006-50', '2007-50', '2009-48', '2013-46', '2016-46', '2018-48', '2019-49', '2020-47', '2023-46']"
one,16,"['1993-72', '1993-75', '1999-71', '2002-61', '2005-46', '2005-47', '2012-46', '2013-46', '2013-49', '2014-47', '2014-50', '2015-48', '2016-46', '2022-47', '2023-48', '2023-50']"
make,16,"['1991-74', '1992-74', '1996-72', '1996-74', '2000-75', '2003-63', '2003-65', '2005-49', '2006-50', '2007-50', '2008-48', '2011-47', '2019-48', '2020-48', '2022-46', '2022-50']"
may,15,"['1998-73', '2000-74', '2000-75', '2006-48', '2006-50', '2007-50', '2008-46', '2009-46', '2011-47', '2013-47', '2016-47', '2017-46', '2017-47', '2022-48', '2022-49']"
many,15,"['1990-64', '1990-65', '1993-74', '1998-75', '1999-71', '2010-50', '2012-49', '2017-48', '2020-47', '2020-49', '2021-48', '2022-46', '2022-47', '2022-49', '2023-48']"
from,15,"['1993-73', '1995-71', '1995-73', '1997-74', '1999-72', '2000-75', '2004-63', '2007-50', '2011-49', '2012-48', '2012-49', '2015-47', '2015-50', '2021-49', '2022-47']"
some,14,"['1993-73', '1996-71', '1996-74', '1997-72', '1998-75', '2004-61', '2004-62', '2004-63', '2008-48', '2010-46', '2013-49', '2018-49', '2019-48', '2023-47']"
our,14,"['1990-62', '1990-63', '1992-73', '2002-65', '2009-48', '2009-49', '2011-46', '2011-49', '2014-46', '2015-46', '2015-47', '2016-49', '2019-50', '2020-47']"
its,14,"['1991-75', '1993-72', '1996-72', '1998-72', '2000-72', '2004-65', '2009-46', '2010-50', '2011-46', '2012-46', '2015-50', '2018-49', '2022-50', '2023-49']"
his,14,"['1990-64', '2002-64', '2006-46', '2006-47', '2006-48', '2006-49', '2008-46', '2008-47', '2008-48', '2014-47', '2014-49', '2017-47', '2018-46', '2022-50']"
work,13,"['1993-71', '1993-72', '1993-73', '1995-74', '1998-73', '1999-74', '2001-73', '2005-47', '2014-47', '2014-50', '2018-50', '2022-47', '2022-49']"
who,13,"['1990-62', '1990-64', '1992-74', '1993-75', '1999-75', '2004-62', '2006-46', '2006-47', '2007-49', '2016-48', '2017-47', '2018-47', '2022-46']"
these,13,"['1993-73', '1993-74', '1996-71', '2002-65', '2004-62', '2005-46', '2007-47', '2008-50', '2010-48', '2013-46', '2013-50', '2016-46', '2018-48']"
so,13,"['1991-71', '1994-71', '1996-74', '2000-74', '2001-75', '2002-61', '2004-63', '2005-46', '2009-48', '2009-50', '2017-47', '2019-49', '2022-50']"
s,13,"['1994-74', '1996-74', '1997-75', '1998-72', '2000-72', '2011-46', '2012-50', '2014-48', '2017-49', '2019-48', '2020-46', '2021-48', '2023-47']"
other,13,"['1990-65', '1993-72', '1995-73', '1997-73', '2002-62', '2003-61', '2003-64', '2007-47', '2008-48', '2013-46', '2016-46', '2017-48', '2017-49']"
no,13,"['1993-74', '1997-73', '1999-74', '2005-48', '2005-49', '2005-50', '2006-50', '2008-48', '2016-48', '2018-47', '2018-50', '2020-48', '2023-48']"
new,13,"['1991-72', '1994-72', '1996-75', '1999-73', '2000-73', '2001-75', '2015-48', '2018-46', '2020-46', '2020-48', '2020-49', '2021-49', '2023-47']"
human,13,"['1993-71', '1997-71', '1997-73', '1997-74', '2001-74', '2002-61', '2003-61', '2003-62', '2006-50', '2012-47', '2013-47', '2016-47', '2023-48']"
at,13,"['1991-71', '1994-75', '1997-73', '1997-75', '1998-73', '2010-47', '2011-48', '2013-46', '2016-46', '2018-49', '2020-47', '2020-48', '2021-46']"
there,12,"['1990-64', '1992-71', '1993-75', '1997-71', '1999-71', '1999-74', '2001-71', '2016-49', '2017-46', '2018-50', '2019-46', '2022-49']"
than,12,"['1992-71', '1993-72', '1994-74', '1997-75', '2001-72', '2002-63', '2005-48', '2006-49', '2006-50', '2007-46', '2007-48', '2015-49']"
science,12,"['1993-73', '1994-71', '1994-72', '1994-73', '1994-75', '1996-71', '1999-75', '2002-61', '2002-62', '2003-62', '2003-63', '2019-50']"
if,12,"['1990-63', '1992-74', '1992-75', '1998-74', '2010-46', '2011-49', '2012-47', '2013-49', '2016-48', '2019-49', '2019-50', '2023-49']"
can,12,"['1991-71', '1991-75', '1992-75', '1993-74', '1995-74', '2001-73', '2004-65', '2007-49', '2014-46', '2015-47', '2019-49', '2023-46']"
when,11,"['1995-74', '1996-72', '1997-75', '2001-71', '2001-73', '2010-48', '2013-46', '2014-46', '2016-46', '2019-46', '2021-49']"
them,11,"['1992-71', '2001-71', '2001-75', '2004-62', '2006-50', '2008-49', '2009-48', '2009-49', '2010-46', '2019-49', '2022-46']"
such,11,"['1991-75', '1992-72', '1992-75', '1995-73', '1998-73', '2000-71', '2005-50', '2007-46', '2010-49', '2013-48', '2020-50']"
social,11,"['1995-75', '1996-71', '1997-72', '1999-75', '2000-74', '2000-75', '2003-62', '2003-63', '2009-46', '2021-47', '2023-46']"
only,11,"['1992-75', '1997-72', '1999-75', '2001-74', '2002-63', '2002-65', '2008-50', '2009-47', '2010-48', '2014-48', '2019-47']"
language,11,"['2004-61', '2004-62', '2004-63', '2004-64', '2004-65', '2012-49', '2012-50', '2017-46', '2017-47', '2017-48', '2017-49']"
he,11,"['1992-75', '1994-74', '1995-75', '2006-48', '2008-46', '2008-47', '2008-48', '2008-49', '2014-47', '2014-49', '2022-48']"
do,11,"['1990-63', '1995-75', '1996-73', '1997-71', '2007-49', '2008-48', '2011-47', '2014-46', '2017-47', '2017-48', '2019-49']"
way,10,"['2002-65', '2006-46', '2015-46', '2015-48', '2015-50', '2020-46', '2020-47', '2022-50', '2023-47', '2023-50']"
use,10,"['1991-71', '1994-72', '1995-72', '1995-73', '2003-62', '2013-50', '2014-48', '2017-50', '2023-46', '2023-48']"
us,10,"['2010-46', '2010-47', '2011-49', '2011-50', '2012-48', '2013-49', '2015-46', '2016-48', '2016-50', '2022-48']"
reason,10,"['1993-71', '2000-73', '2003-62', '2006-47', '2008-46', '2008-47', '2008-48', '2010-49', '2014-46', '2020-49']"
what,9,"['1995-74', '1998-71', '2002-61', '2011-50', '2012-48', '2017-50', '2020-50', '2022-48', '2023-48']"
well,9,"['1991-71', '1995-72', '1995-74', '1996-75', '2004-63', '2006-50', '2008-48', '2019-48', '2022-46']"
take,9,"['1991-72', '2001-73', '2004-61', '2005-48', '2011-46', '2012-46', '2012-49', '2019-46', '2020-49']"
kind,9,"['1992-71', '1993-75', '1995-73', '1997-74', '2000-72', '2002-62', '2009-50', '2019-46', '2019-50']"
how,9,"['1992-71', '1995-72', '1995-75', '2004-61', '2007-49', '2012-48', '2015-46', '2018-50', '2020-48']"
form,9,"['1996-75', '1999-73', '2003-61', '2004-65', '2009-49', '2013-48', '2018-46', '2018-47', '2021-50']"
up,8,"['1993-73', '1995-75', '2000-72', '2005-49', '2010-46', '2011-50', '2019-46', '2022-50']"
those,8,"['1990-62', '2006-48', '2011-48', '2017-47', '2021-46', '2021-47', '2022-46', '2023-48']"
think,8,"['1997-73', '1997-74', '2004-64', '2006-49', '2008-46', '2020-46', '2020-47', '2021-47']"
people,8,"['1991-75', '2000-73', '2004-61', '2004-62', '2005-46', '2017-49', '2020-48', '2022-46']"
out,8,"['1993-73', '2001-74', '2004-62', '2005-48', '2011-49', '2012-48', '2021-46', '2023-46']"
must,8,"['1991-72', '1992-73', '1992-74', '1996-75', '2006-47', '2007-48', '2018-50', '2019-50']"
moral,8,"['1997-74', '1997-75', '2003-64', '2006-46', '2006-48', '2006-49', '2006-50', '2008-50']"
into,8,"['1991-73', '1998-71', '2013-48', '2015-46', '2017-48', '2019-48', '2020-49', '2021-50']"
great,8,"['1990-64', '1994-71', '1994-74', '2017-48', '2018-49', '2018-50', '2019-46', '2022-48']"
give,8,"['1993-71', '1996-75', '2000-73', '2001-73', '2002-64', '2013-49', '2017-50', '2018-47']"
europe,8,"['2000-74', '2004-61', '2004-63', '2005-46', '2005-47', '2010-49', '2018-46', '2021-48']"
could,8,"['2004-61', '2008-47', '2012-47', '2014-50', '2017-50', '2018-47', '2020-48', '2022-48']"
behavior,8,"['1990-61', '1990-62', '1990-63', '1992-71', '2002-61', '2002-63', '2002-65', '2012-48']"
before,8,"['2001-74', '2004-61', '2005-46', '2011-50', '2014-48', '2020-47', '2021-46', '2021-47']"
any,8,"['1991-71', '1991-72', '1992-74', '2003-64', '2006-48', '2006-49', '2009-46', '2017-47']"
also,8,"['2000-75', '2001-75', '2008-47', '2012-47', '2014-46', '2021-50', '2022-46', '2023-46']"
about,8,"['1993-71', '2006-46', '2006-49', '2008-46', '2019-50', '2022-46', '2022-48', '2022-50']"
year,7,"['1991-71', '1994-73', '1998-71', '2002-63', '2015-49', '2019-47', '2021-48']"
world,7,"['1996-72', '1996-74', '1997-71', '2001-73', '2005-48', '2015-48', '2020-49']"
while,7,"['1999-71', '2000-73', '2006-48', '2007-50', '2008-48', '2009-48', '2011-47']"
view,7,"['1997-74', '1999-75', '2007-46', '2014-49', '2015-47', '2016-48', '2020-47']"
through,7,"['1993-75', '1994-71', '1999-72', '2011-47', '2012-50', '2016-49', '2023-46']"
see,7,"['1994-75', '1998-71', '1999-71', '2007-49', '2012-46', '2016-49', '2016-50']"
life,7,"['2003-61', '2006-46', '2009-49', '2014-50', '2016-49', '2016-50', '2021-49']"
create,7,"['2005-46', '2005-49', '2013-46', '2016-46', '2018-49', '2023-47', '2023-48']"
because,7,"['1994-71', '1997-71', '2000-75', '2002-62', '2004-62', '2006-48', '2011-46']"
time,6,"['1991-71', '1991-72', '1991-75', '2010-48', '2020-47', '2020-49']"
thus,6,"['1995-75', '2003-61', '2003-65', '2008-46', '2009-50', '2010-50']"
thought,6,"['1996-75', '2004-61', '2004-64', '2008-47', '2011-46', '2014-49']"
study,6,"['1999-73', '2002-63', '2003-62', '2003-63', '2004-63', '2021-49']"
society,6,"['2003-64', '2004-64', '2004-65', '2021-46', '2021-47', '2022-50']"
should,6,"['1994-75', '1997-73', '1997-75', '2010-47', '2012-50', '2017-47']"
share,6,"['2009-49', '2011-46', '2012-47', '2012-48', '2012-49', '2023-49']"
scientist,6,"['1998-71', '2000-71', '2000-72', '2003-62', '2010-46', '2019-49']"
scientific,6,"['1993-71', '1993-75', '1994-72', '1996-72', '1998-74', '2020-49']"
same,6,"['1992-75', '1993-75', '2000-74', '2003-62', '2015-46', '2019-47']"
process,6,"['1993-74', '2000-74', '2001-74', '2004-61', '2009-50', '2021-50']"
need,6,"['1996-71', '2011-48', '2013-47', '2016-47', '2017-47', '2023-50']"
mean,6,"['1991-73', '1993-73', '1993-74', '2000-75', '2005-46', '2018-48']"
information,6,"['1992-75', '1995-72', '1995-73', '2020-50', '2023-47', '2023-49']"
idea,6,"['1998-74', '1998-75', '2000-73', '2003-61', '2004-64', '2007-48']"
him,6,"['2006-46', '2006-47', '2006-48', '2008-46', '2014-48', '2014-49']"
health,6,"['2010-48', '2015-47', '2016-48', '2016-49', '2016-50', '2019-46']"
environment,6,"['1990-63', '1990-64', '2002-63', '2003-61', '2013-48', '2017-50']"
during,6,"['1996-72', '1999-73', '2021-46', '2021-48', '2021-50', '2022-49']"
within,5,"['1997-72', '2009-50', '2010-49', '2017-46', '2021-48']"
where,5,"['1990-64', '1991-75', '2010-49', '2011-50', '2013-48']"
very,5,"['1993-75', '2006-50', '2008-46', '2008-47', '2017-50']"
upon,5,"['1995-72', '1995-73', '2000-72', '2009-48', '2015-48']"
theory,5,"['1990-63', '1993-73', '1998-74', '2002-64', '2012-46']"
television,5,"['2001-71', '2001-72', '2005-46', '2005-47', '2005-48']"
seem,5,"['1996-73', '2002-62', '2011-48', '2011-49', '2012-47']"
say,5,"['1990-65', '1994-71', '2005-50', '2009-46', '2014-50']"
research,5,"['1996-73', '1999-74', '2000-71', '2003-65', '2019-47']"
problem,5,"['2000-75', '2002-65', '2006-46', '2006-48', '2006-50']"
possible,5,"['1991-74', '1996-73', '2003-65', '2006-47', '2011-50']"
pattern,5,"['1990-62', '1998-71', '2000-74', '2004-65', '2012-50']"
past,5,"['1991-72', '1996-75', '1998-71', '1999-71', '2003-63']"
often,5,"['1990-65', '1994-75', '2000-73', '2002-62', '2004-63']"
nature,5,"['1990-62', '1993-73', '2002-61', '2011-46', '2013-50']"
much,5,"['1993-72', '1994-71', '2005-46', '2014-50', '2022-48']"
mind,5,"['1993-71', '1993-74', '2002-61', '2004-65', '2011-47']"
men,5,"['1993-73', '1994-71', '2008-49', '2018-48', '2021-49']"
measure,5,"['1992-72', '1995-74', '2000-71', '2009-46', '2019-48']"
man,5,"['1993-75', '2001-74', '2002-64', '2003-64', '2022-48']"
live,5,"['2003-61', '2014-50', '2016-49', '2016-50', '2019-46']"
lead,5,"['1997-73', '2001-74', '2006-47', '2009-50', '2020-46']"
intellectual,5,"['1990-64', '1999-72', '2003-62', '2007-46', '2020-46']"
garden,5,"['2013-46', '2013-48', '2013-49', '2013-50', '2016-46']"
first,5,"['1992-74', '1994-74', '1998-72', '2003-63', '2015-49']"
find,5,"['1991-72', '2002-62', '2013-49', '2014-47', '2022-49']"
english,5,"['2017-46', '2017-47', '2017-48', '2017-49', '2017-50']"
effect,5,"['2009-46', '2009-47', '2009-48', '2010-46', '2013-48']"
different,5,"['1997-74', '2004-63', '2005-46', '2005-49', '2017-50']"
culture,5,"['2003-63', '2003-64', '2003-65', '2004-65', '2005-49']"
country,5,"['2000-72', '2000-74', '2017-48', '2017-49', '2021-48']"
control,5,"['2000-71', '2001-75', '2010-46', '2011-46', '2011-47']"
change,5,"['2000-74', '2002-62', '2012-50', '2015-48', '2017-49']"
certain,5,"['1990-61', '1992-75', '1993-73', '1996-73', '2008-47']"
you,4,"['1993-73', '1997-73', '2016-49', '2016-50']"
yet,4,"['1998-74', '2013-46', '2016-46', '2018-47']"
word,4,"['2012-49', '2012-50', '2013-50', '2014-46']"
whether,4,"['1994-75', '1995-73', '1999-74', '2009-49']"
war,4,"['1996-72', '2021-46', '2021-47', '2022-49']"
unique,4,"['2001-73', '2003-63', '2012-48', '2023-46']"
themselves,4,"['1994-73', '1999-72', '2000-75', '2019-49']"
test,4,"['1992-75', '1995-71', '1995-73', '1995-74']"
technology,4,"['1994-73', '1994-75', '2001-73', '2002-65']"
t,4,"['1997-71', '2013-48', '2015-46', '2015-47']"
structure,4,"['1998-71', '1998-73', '2004-61', '2004-64']"
special,4,"['1993-73', '1993-74', '2007-46', '2007-48']"
speak,4,"['2004-62', '2013-46', '2016-46', '2022-50']"
since,4,"['1991-74', '1992-73', '2004-62', '2009-49']"
sense,4,"['1991-72', '1991-75', '1993-73', '2013-50']"
seek,4,"['2003-62', '2012-46', '2017-50', '2020-50']"
right,4,"['1997-71', '1997-72', '2010-47', '2014-49']"
result,4,"['1991-72', '1996-71', '2001-75', '2012-49']"
rather,4,"['1994-74', '1997-75', '2001-72', '2007-46']"
provide,4,"['1991-75', '1992-73', '2022-49', '2023-46']"
person,4,"['1994-74', '2002-64', '2007-46', '2014-47']"
period,4,"['2020-46', '2021-48', '2021-50', '2022-46']"
part,4,"['1997-72', '1998-75', '2007-46', '2009-46']"
own,4,"['1993-73', '2003-61', '2007-50', '2008-46']"
natural,4,"['1993-73', '1993-75', '2002-63', '2003-62']"
most,4,"['1995-74', '1999-71', '2006-50', '2013-49']"
modern,4,"['1999-71', '2000-71', '2000-75', '2020-46']"
might,4,"['1995-75', '2008-50', '2012-48', '2018-47']"
mental,4,"['2015-47', '2016-48', '2016-49', '2016-50']"
matter,4,"['1991-73', '1992-73', '2010-47', '2016-48']"
marketing,4,"['1991-73', '2023-46', '2023-49', '2023-50']"
manner,4,"['1993-72', '2003-62', '2006-47', '2007-47']"
look,4,"['1998-71', '1998-74', '2013-46', '2016-46']"
long,4,"['2001-74', '2004-61', '2008-46', '2008-47']"
largely,4,"['1990-62', '1994-72', '1994-73', '2021-49']"
know,4,"['2011-50', '2015-46', '2016-50', '2020-50']"
journalist,4,"['2007-47', '2007-48', '2007-49', '2007-50']"
interpret,4,"['1992-71', '1995-72', '1999-73', '2014-50']"
institution,4,"['2007-46', '2009-46', '2009-47', '2019-50']"
increase,4,"['1991-73', '1994-75', '2014-48', '2021-50']"
ignore,4,"['1994-73', '2009-48', '2010-50', '2020-48']"
i,4,"['2006-46', '2006-48', '2011-47', '2014-47']"
historian,4,"['1994-73', '1999-71', '1999-72', '1999-75']"
high,4,"['1991-74', '2021-47', '2021-48', '2021-50']"
group,4,"['2005-47', '2015-48', '2021-46', '2021-47']"
go,4,"['1993-75', '2005-49', '2015-47', '2018-47']"
future,4,"['1996-73', '1996-75', '2017-46', '2019-49']"
force,4,"['1994-75', '2000-73', '2008-46', '2015-48']"
far,4,"['2000-74', '2004-65', '2009-50', '2018-50']"
fact,4,"['1990-65', '2005-48', '2007-49', '2019-49']"
expression,4,"['1993-71', '2013-46', '2014-49', '2016-46']"
explanation,4,"['1993-71', '1998-72', '2002-62', '2020-48']"
evidence,4,"['1995-73', '1999-73', '2010-46', '2010-48']"
even,4,"['1998-71', '2004-63', '2017-46', '2022-46']"
essential,4,"['2002-64', '2010-50', '2014-47', '2023-49']"
education,4,"['2009-50', '2017-49', '2021-47', '2021-48']"
easy,4,"['2000-75', '2005-48', '2005-49', '2009-48']"
distinctly,4,"['2003-63', '2010-46', '2013-47', '2016-47']"
difficult,4,"['1991-74', '2007-49', '2016-49', '2022-49']"
deal,4,"['1996-74', '2005-50', '2009-48', '2019-46']"
customer,4,"['2023-46', '2023-48', '2023-49', '2023-50']"
continue,4,"['1991-74', '2002-61', '2002-65', '2010-47']"
consider,4,"['2009-47', '2009-49', '2009-50', '2012-49']"
consequence,4,"['1996-71', '1996-73', '1998-75', '2004-65']"
compare,4,"['1992-73', '1992-74', '1992-75', '1993-74']"
common,4,"['1993-74', '2008-49', '2009-49', '2012-47']"
come,4,"['1996-72', '2004-65', '2016-50', '2021-46']"
code,4,"['2006-49', '2022-46', '2022-47', '2022-50']"
challenge,4,"['1999-72', '2005-50', '2017-49', '2023-50']"
business,4,"['2005-48', '2006-49', '2009-49', '2017-49']"
bring,4,"['2003-63', '2005-47', '2011-49', '2018-47']"
between,4,"['2012-50', '2020-46', '2022-46', '2022-48']"
believe,4,"['1990-62', '2004-65', '2017-47', '2023-47']"
begin,4,"['1996-72', '2002-63', '2011-49', '2018-49']"
attempt,4,"['1999-71', '2019-48', '2020-48', '2022-50']"
animal,4,"['1997-73', '1997-74', '2013-47', '2016-47']"
ai,4,"['2023-46', '2023-47', '2023-48', '2023-49']"
activity,4,"['1999-75', '2006-46', '2006-49', '2018-50']"
able,4,"['1995-75', '1998-71', '2011-47', '2023-49']"
would,3,"['2010-46', '2019-47', '2019-49']"
why,3,"['1990-61', '2011-47', '2014-46']"
want,3,"['1990-61', '1996-72', '2000-73']"
various,3,"['1999-74', '2013-46', '2016-46']"
until,3,"['1991-75', '2002-65', '2013-49']"
universe,3,"['1998-74', '2020-47', '2020-48']"
united,3,"['2005-50', '2015-49', '2017-47']"
understanding,3,"['2003-65', '2007-48', '2014-47']"
understand,3,"['2007-48', '2012-48', '2020-50']"
under,3,"['1995-75', '2000-71', '2018-46']"
turn,3,"['1994-74', '2000-72', '2018-48']"
try,3,"['2014-46', '2019-48', '2020-49']"
tree,3,"['2010-49', '2012-50', '2015-50']"
traditional,3,"['1999-73', '1999-75', '2002-64']"
trace,3,"['1993-75', '2002-61', '2012-47']"
tool,3,"['1994-71', '1994-73', '2001-72']"
though,3,"['1993-75', '1998-75', '2013-50']"
therefore,3,"['1995-73', '2011-46', '2017-47']"
term,3,"['1992-71', '1992-74', '2012-48']"
task,3,"['2005-49', '2006-48', '2006-49']"
support,3,"['1990-62', '1991-75', '1996-73']"
subject,3,"['1992-73', '1996-75', '2003-61']"
student,3,"['2017-48', '2021-48', '2021-50']"
state,3,"['2002-61', '2004-65', '2015-49']"
source,3,"['1991-72', '1994-73', '1999-75']"
sort,3,"['1993-73', '1993-74', '2004-65']"
slow,3,"['2002-62', '2016-50', '2021-50']"
situation,3,"['1991-72', '1995-73', '2011-49']"
significant,3,"['1999-71', '2014-49', '2015-48']"
show,3,"['2001-71', '2005-48', '2012-50']"
self,3,"['1996-71', '2002-64', '2017-47']"
school,3,"['1994-72', '2017-48', '2018-47']"
scale,3,"['1992-73', '1993-72', '2005-50']"
reveal,3,"['2006-47', '2011-46', '2022-47']"
respect,3,"['1997-74', '1998-75', '2005-49']"
require,3,"['1998-72', '2000-71', '2019-47']"
relevant,3,"['1992-75', '1997-74', '2021-46']"
reasoning,3,"['1993-75', '1997-75', '2020-49']"
reasonable,3,"['1996-71', '2012-47', '2019-49']"
reach,3,"['1994-72', '2000-74', '2004-65']"
rate,3,"['1991-71', '2020-48', '2021-50']"
quality,3,"['1995-74', '2014-47', '2019-48']"
produce,3,"['1991-73', '2001-73', '2004-65']"
probably,3,"['1993-75', '2008-50', '2018-50']"
primary,3,"['2006-46', '2006-49', '2017-48']"
preserve,3,"['2007-46', '2010-48', '2010-49']"
present,3,"['1991-71', '2003-63', '2017-49']"
power,3,"['2008-47', '2008-48', '2009-49']"
point,3,"['1991-75', '2001-74', '2010-47']"
place,3,"['2001-73', '2013-47', '2016-47']"
phenomenon,3,"['1993-71', '1993-75', '2003-62']"
peculiar,3,"['1999-74', '2003-61', '2015-48']"
particular,3,"['1995-73', '1996-71', '2012-50']"
over,3,"['1994-73', '2000-74', '2020-49']"
others,3,"['1992-75', '1996-71', '2016-48']"
ordinary,3,"['1994-71', '2007-48', '2016-49']"
officer,3,"['2022-47', '2022-48', '2022-49']"
number,3,"['2017-46', '2019-47', '2021-48']"
nowadays,3,"['2000-74', '2000-75', '2019-47']"
now,3,"['1992-73', '2011-50', '2015-49']"
native,3,"['2004-62', '2010-49', '2018-49']"
nation,3,"['2000-74', '2005-46', '2022-48']"
method,3,"['1993-71', '1999-72', '1999-73']"
medium,3,"['2005-47', '2007-48', '2023-46']"
maintain,3,"['1998-72', '2002-63', '2015-48']"
little,3,"['1990-63', '2002-63', '2006-50']"
like,3,"['1994-71', '2003-65', '2015-47']"
least,3,"['1995-74', '2010-47', '2018-49']"
law,3,"['1993-73', '2003-64', '2007-48']"
introduce,3,"['2000-73', '2013-48', '2017-48']"
intelligence,3,"['1992-73', '1992-74', '2022-49']"
innovation,3,"['1994-73', '2000-73', '2021-50']"
individual,3,"['2002-63', '2006-46', '2014-49']"
improve,3,"['1994-71', '2009-46', '2023-49']"
identify,3,"['2012-49', '2017-49', '2023-46']"
hundred,3,"['2001-73', '2002-63', '2015-49']"
however,3,"['1996-74', '2013-47', '2016-47']"
homeless,3,"['2013-46', '2013-48', '2016-46']"
history,3,"['1999-71', '1999-72', '1999-75']"
historical,3,"['1999-72', '1999-73', '1999-74']"
help,3,"['1993-73', '2000-71', '2009-49']"
government,3,"['1994-75', '1996-72', '2000-73']"
fundamental,3,"['1994-73', '2013-46', '2016-46']"
function,3,"['2006-47', '2020-48', '2023-49']"
fully,3,"['2001-74', '2013-50', '2015-47']"
follow,3,"['2000-74', '2008-47', '2014-48']"
feel,3,"['2000-73', '2011-49', '2013-49']"
factor,3,"['1990-62', '1995-73', '2009-47']"
extend,3,"['1997-73', '2015-50', '2021-47']"
experience,3,"['1990-64', '1995-73', '2009-46']"
expect,3,"['1998-74', '2001-73', '2006-49']"
exist,3,"['1997-72', '1998-71', '2013-48']"
energy,3,"['1991-72', '1991-74', '2006-49']"
enable,3,"['2008-46', '2009-49', '2012-48']"
effectively,3,"['1995-74', '1996-73', '2023-49']"
duty,3,"['1997-72', '2006-46', '2020-49']"
drama,3,"['2018-46', '2018-47', '2018-49']"
diversity,3,"['2012-47', '2013-46', '2016-46']"
difficulty,3,"['2002-61', '2008-46', '2015-48']"
describe,3,"['2004-63', '2013-50', '2014-46']"
depend,3,"['1994-75', '1995-72', '1995-73']"
demand,3,"['1996-72', '2005-49', '2021-47']"
define,3,"['1995-74', '2006-46', '2021-49']"
decade,3,"['1998-75', '2000-74', '2021-46']"
data,3,"['2003-63', '2004-63', '2023-49']"
cultural,3,"['2003-63', '2012-47', '2012-48']"
course,3,"['1993-72', '1993-75', '2006-47']"
conduct,3,"['2002-64', '2006-49', '2009-47']"
condition,3,"['2000-71', '2013-49', '2015-48']"
concept,3,"['1999-74', '2003-65', '2007-47']"
complex,3,"['1993-75', '2003-64', '2012-48']"
community,3,"['2010-49', '2010-50', '2021-50']"
choice,3,"['1997-74', '2005-49', '2023-46']"
child,3,"['1990-64', '1992-75', '2001-72']"
century,3,"['2000-74', '2001-74', '2015-49']"
cause,3,"['1993-75', '1996-71', '2015-48']"
cannot,3,"['1996-72', '2009-49', '2011-47']"
call,3,"['1994-72', '1998-74', '2002-61']"
british,3,"['2017-48', '2022-47', '2022-50']"
both,3,"['1995-73', '2019-46', '2019-50']"
become,3,"['2001-75', '2004-62', '2011-50']"
assume,3,"['1992-75', '1997-71', '2004-61']"
arise,3,"['1996-75', '1999-72', '2000-75']"
approach,3,"['2006-48', '2012-46', '2012-49']"
another,3,"['1998-74', '2005-47', '2015-48']"
amount,3,"['1995-72', '1996-73', '2003-65']"
alone,3,"['2005-48', '2011-47', '2014-47']"
ago,3,"['1998-71', '2002-63', '2019-47']"
age,3,"['2001-72', '2020-49', '2021-46']"
advantage,3,"['1990-65', '2008-46', '2010-47']"
additional,3,"['1999-73', '2000-75', '2017-47']"
accept,3,"['1991-75', '2006-47', '2008-48']"
ability,3,"['1990-63', '2003-61', '2009-49']"
young,2,"['2017-47', '2021-49']"
wrong,2,"['1995-71', '2011-49']"
worth,2,"['2009-46', '2014-50']"
whose,2,"['2018-50', '2022-47']"
whorf,2,"['2004-64', '2004-65']"
whole,2,"['1992-75', '2003-64']"
whereas,2,"['2000-74', '2012-50']"
volume,2,"['2014-48', '2022-50']"
vanish,2,"['2004-62', '2013-49']"
validity,2,"['1995-73', '1999-72']"
usually,2,"['2013-49', '2022-49']"
urge,2,"['2013-46', '2016-46']"
university,2,"['2018-48', '2021-47']"
universality,2,"['2012-49', '2012-50']"
true,2,"['1991-74', '1998-75']"
trait,2,"['2002-61', '2012-49']"
train,2,"['1993-75', '2008-47']"
tradition,2,"['2005-49', '2018-49']"
together,2,"['2001-73', '2005-47']"
thing,2,"['1994-71', '2008-49']"
then,2,"['2011-49', '2014-48']"
territory,2,"['2015-49', '2020-46']"
tell,2,"['1995-75', '2022-48']"
technique,2,"['1994-71', '1999-75']"
teach,2,"['2006-50', '2017-49']"
target,2,"['1995-71', '2023-50']"
sustain,2,"['2011-47', '2020-47']"
survive,2,"['2005-48', '2018-50']"
sure,2,"['1992-73', '2023-48']"
supply,2,"['1991-71', '1991-73']"
sun,2,"['1994-74', '2015-47']"
style,2,"['2013-46', '2016-46']"
struggle,2,"['2022-48', '2022-50']"
strong,2,"['2004-65', '2012-50']"
strike,2,"['2013-46', '2016-46']"
story,2,"['2007-49', '2007-50']"
still,2,"['2000-73', '2009-47']"
specific,2,"['1996-72', '1999-75']"
specie,2,"['2010-48', '2010-49']"
spain,2,"['2022-47', '2022-50']"
skill,2,"['1993-73', '1995-72']"
short,2,"['1994-72', '2019-46']"
shelter,2,"['2013-47', '2016-47']"
set,2,"['1993-75', '2003-65']"
second,2,"['1996-72', '2012-49']"
scholar,2,"['2004-63', '2021-50']"
sacred,2,"['2013-47', '2016-47']"
run,2,"['1991-71', '2008-49']"
roughly,2,"['1992-72', '2021-46']"
role,2,"['2002-63', '2023-47']"
rise,2,"['1996-75', '2021-47']"
restore,2,"['1991-72', '2015-47']"
rest,2,"['2000-72', '2007-48']"
responsibility,2,"['2007-48', '2014-49']"
renaissance,2,"['2020-46', '2020-49']"
relation,2,"['2005-47', '2012-50']"
regard,2,"['2001-72', '2023-46']"
recognize,2,"['2002-63', '2010-49']"
realize,2,"['2004-61', '2018-50']"
reality,2,"['2007-47', '2011-47']"
reaction,2,"['2007-50', '2014-46']"
put,2,"['1998-72', '2023-46']"
publish,2,"['2005-47', '2019-47']"
psychological,2,"['2001-75', '2013-49']"
principle,2,"['1993-72', '1996-74']"
predict,2,"['1995-74', '2012-50']"
practice,2,"['1999-71', '2002-64']"
possibly,2,"['2002-65', '2008-50']"
possibility,2,"['2011-50', '2017-50']"
possess,2,"['1990-61', '1992-75']"
population,2,"['1991-75', '2000-75']"
play,2,"['2001-72', '2018-50']"
planet,2,"['1991-75', '1994-74']"
physic,2,"['1998-75', '2012-46']"
photograph,2,"['2013-46', '2016-46']"
philosopher,2,"['1994-73', '1997-72']"
personality,2,"['1990-62', '2001-72']"
perhaps,2,"['2005-46', '2008-49']"
performance,2,"['1995-72', '2014-47']"
pearson,2,"['2001-73', '2001-74']"
peace,2,"['2013-47', '2016-47']"
particularly,2,"['1991-74', '2012-49']"
paper,2,"['2019-47', '2019-48']"
order,2,"['2012-49', '2012-50']"
oppose,2,"['2013-47', '2016-47']"
operation,2,"['1993-73', '1993-74']"
old,2,"['2005-49', '2015-48']"
offer,2,"['2012-47', '2018-48']"
obvious,2,"['2000-72', '2006-47']"
observe,2,"['2002-62', '2008-49']"
note,2,"['2009-47', '2018-50']"
news,2,"['2007-47', '2007-48']"
newly,2,"['1994-74', '2004-63']"
never,2,"['2005-46', '2008-47']"
necessary,2,"['1993-71', '2007-46']"
nearly,2,"['1991-73', '2000-74']"
methodology,2,"['1999-73', '1999-74']"
message,2,"['2023-46', '2023-50']"
member,2,"['2003-64', '2010-49']"
mathematics,2,"['2003-65', '2008-47']"
mass,2,"['2000-73', '2000-75']"
marketer,2,"['2023-47', '2023-50']"
mankind,2,"['1991-75', '1997-75']"
machine,2,"['2001-74', '2023-49']"
loss,2,"['2005-48', '2008-50']"
lose,2,"['2004-62', '2018-50']"
literary,2,"['2018-48', '2018-49']"
lie,2,"['1995-71', '1997-74']"
less,2,"['1999-72', '2005-48']"
learning,2,"['2007-46', '2017-50']"
learn,2,"['2015-46', '2023-49']"
lawyer,2,"['2007-46', '2007-50']"
late,2,"['1995-72', '2001-73']"
lack,2,"['1992-75', '2010-50']"
justification,2,"['2011-48', '2012-47']"
judgment,2,"['2006-50', '2007-50']"
job,2,"['2007-49', '2023-47']"
issue,2,"['1994-75', '2002-65']"
internal,2,"['1999-72', '1999-75']"
instrument,2,"['1994-72', '1998-73']"
independent,2,"['2006-50', '2012-50']"
include,2,"['2003-64', '2020-47']"
important,2,"['1998-71', '2003-63']"
house,2,"['2005-47', '2015-50']"
host,2,"['2001-71', '2018-50']"
here,2,"['1993-75', '2012-47']"
healthy,2,"['2010-50', '2015-46']"
hand,2,"['2003-63', '2008-48']"
habit,2,"['2003-64', '2014-48']"
grasp,2,"['2007-49', '2014-46']"
grammar,2,"['2012-50', '2018-47']"
govern,2,"['2002-64', '2006-49']"
good,2,"['1998-75', '2008-48']"
glory,2,"['1994-74', '2018-47']"
global,2,"['2017-46', '2017-47']"
generation,2,"['2017-47', '2020-48']"
general,2,"['1995-74', '1999-74']"
furthermore,2,"['2000-72', '2003-61']"
further,2,"['2000-73', '2017-46']"
forward,2,"['1994-71', '1998-72']"
forest,2,"['2010-49', '2015-50']"
food,2,"['1991-73', '1991-75']"
feeling,2,"['2002-61', '2005-46']"
fashion,2,"['1991-74', '2023-46']"
extreme,2,"['2012-46', '2014-48']"
external,2,"['1999-72', '1999-75']"
exploration,2,"['2006-49', '2015-49']"
explain,2,"['1990-61', '1999-71']"
expert,2,"['2000-71', '2011-50']"
expand,2,"['1994-72', '2017-46']"
example,2,"['1995-75', '2019-48']"
everything,2,"['2011-50', '2012-46']"
every,2,"['1997-74', '2008-46']"
event,2,"['1999-71', '2005-46']"
european,2,"['2005-48', '2005-49']"
establish,2,"['2007-48', '2018-49']"
especially,2,"['2014-49', '2023-48']"
escape,2,"['2008-49', '2011-49']"
enough,2,"['1991-73', '2019-49']"
end,2,"['2001-74', '2017-47']"
encourage,2,"['1997-75', '2019-50']"
either,2,"['1997-73', '2013-48']"
effort,2,"['2000-72', '2011-49']"
educational,2,"['1990-65', '2009-50']"
easily,2,"['2008-49', '2019-49']"
earth,2,"['1994-74', '2020-47']"
down,2,"['2015-50', '2016-50']"
directly,2,"['2000-72', '2002-62']"
direct,2,"['2009-50', '2016-49']"
digital,2,"['2001-72', '2023-50']"
development,2,"['1990-64', '2000-73']"
develop,2,"['1990-64', '2004-64']"
determine,2,"['1990-62', '2004-64']"
design,2,"['1999-73', '2011-49']"
degree,2,"['1992-75', '1993-75']"
defined,2,"['1995-74', '2003-64']"
decoration,2,"['2013-46', '2016-46']"
decision,2,"['2006-47', '2016-49']"
day,2,"['1993-75', '2013-49']"
date,2,"['2001-73', '2018-46']"
custom,2,"['2000-73', '2003-64']"
crude,2,"['2013-47', '2016-47']"
cross,2,"['2003-63', '2015-49']"
critic,2,"['1995-71', '2008-48']"
creative,2,"['2013-46', '2016-46']"
courage,2,"['2014-47', '2014-50']"
cost,2,"['1995-73', '2023-47']"
convince,2,"['1998-75', '2008-50']"
contribute,2,"['2006-48', '2022-48']"
continent,2,"['2005-49', '2015-48']"
content,2,"['2023-46', '2023-49']"
construction,2,"['1993-72', '2013-50']"
conscious,2,"['2011-47', '2011-49']"
connect,2,"['2005-46', '2005-49']"
conclusion,2,"['1992-75', '1996-72']"
concern,2,"['1995-73', '2023-48']"
comparison,2,"['1992-73', '1992-74']"
comparative,2,"['1992-73', '1995-73']"
communication,2,"['2000-73', '2023-49']"
comment,2,"['2007-47', '2007-50']"
combine,2,"['1991-74', '2003-63']"
cognitive,2,"['2012-48', '2012-49']"
cloud,2,"['1998-72', '2015-47']"
clear,2,"['2007-49', '2017-49']"
circumstance,2,"['1995-75', '2011-49']"
church,2,"['2020-46', '2020-48']"
charge,2,"['2006-48', '2008-48']"
characteristic,2,"['1990-61', '1990-63']"
character,2,"['2002-61', '2008-50']"
case,2,"['1991-71', '1993-72']"
carefully,2,"['2008-49', '2022-48']"
capture,2,"['2020-50', '2022-47']"
capability,2,"['2003-64', '2017-47']"
build,2,"['1993-73', '2015-46']"
branch,2,"['1999-74', '2003-62']"
bird,2,"['2010-46', '2010-47']"
big,2,"['1998-72', '1998-74']"
beyond,2,"['2013-46', '2016-46']"
behaviorist,2,"['1990-64', '1990-65']"
behavioral,2,"['2002-61', '2002-62']"
beginning,2,"['2001-74', '2012-47']"
beethoven,2,"['2014-48', '2014-50']"
basis,2,"['2007-47', '2017-50']"
bang,2,"['1998-72', '1998-74']"
attention,2,"['1995-71', '2008-49']"
astrophysicist,2,"['1998-73', '1998-75']"
associate,2,"['2014-49', '2019-49']"
assessment,2,"['1992-73', '2019-48']"
aspect,2,"['1996-74', '2006-48']"
around,2,"['1994-74', '2001-73']"
argue,2,"['1997-72', '1997-74']"
appropriate,2,"['1990-64', '1999-74']"
apply,2,"['1999-75', '2019-47']"
anything,2,"['1990-63', '2022-48']"
analysis,2,"['2003-63', '2017-47']"
among,2,"['1999-72', '2017-47']"
america,2,"['2015-48', '2015-49']"
almost,2,"['1999-71', '2002-61']"
allow,2,"['2016-48', '2016-50']"
agriculture,2,"['1991-74', '2000-72']"
agreement,2,"['1992-71', '1999-74']"
admit,2,"['2010-47', '2021-50']"
actually,2,"['1997-71', '2022-49']"
action,2,"['1997-75', '2020-50']"
acquire,2,"['1993-74', '2003-64']"
achieve,2,"['2011-47', '2017-48']"
account,2,"['1997-71', '2014-47']"
academic,2,"['2021-49', '2021-50']"
abstract,2,"['2003-65', '2008-47']"
your,1,['2016-49']
youngster,1,['1995-75']
yield,1,['1991-74']
worthless,1,['2010-48']
workmate,1,['2001-72']
woman,1,['2021-49']
witness,1,['2018-46']
wisdom,1,['1995-72']
wind,1,['1992-72']
willing,1,['2023-49']
wider,1,['2022-50']
whom,1,['1992-75']
white,1,['1990-65']
western,1,['2021-48']
weaken,1,['2021-50']
weak,1,['2010-48']
virtually,1,['1998-72']
virgin,1,['2015-50']
vice,1,['1994-75']
versa,1,['1994-75']
velocity,1,['1992-72']
vary,1,['2000-71']
variety,1,['2015-50']
varied,1,['2015-48']
value,1,['2010-50']
validate,1,['1995-72']
valid,1,['1992-73']
user,1,['1995-71']
urban,1,['2013-48']
upside,1,['2011-50']
unnatural,1,['1991-75']
unlikely,1,['2011-49']
unknown,1,['2022-46']
unification,1,['2012-46']
unexplored,1,['2020-46']
unexpectedly,1,['1991-71']
underprivileged,1,['1995-75']
underline,1,['2005-48']
undergo,1,['2000-74']
unconditional,1,['2016-48']
unable,1,['1996-74']
ultimately,1,['2001-74']
uk,1,['2017-49']
type,1,['2012-50']
tylor,1,['2003-64']
two,1,['1992-74']
twice,1,['2019-47']
tuition,1,['2009-50']
trust,1,['2016-50']
trouble,1,['2016-48']
triumph,1,['1998-74']
trend,1,['1996-72']
treat,1,['1997-73']
treasure,1,['2015-50']
transport,1,['2000-75']
transfer,1,['1999-73']
training,1,['1993-74']
tragedy,1,['2018-46']
traditionally,1,['2007-46']
track,1,['2012-50']
towards,1,['1992-75']
top,1,['2011-48']
thirty,1,['1991-71']
thinking,1,['2006-46']
thinker,1,['2020-47']
thermometer,1,['1992-72']
theater,1,['2018-48']
th,1,['2015-49']
tendency,1,['2019-48']
tend,1,['2010-50']
temporarily,1,['2015-47']
telescope,1,['1994-74']
technologist,1,['2000-72']
techniques,1,['1999-74']
teaching,1,['2020-46']
teacher,1,['2021-50']
taste,1,['2008-50']
systematic,1,['2003-62']
system,1,['1996-74']
synthetic,1,['2013-50']
sympathy,1,['2016-48']
suppress,1,['2020-48']
suppose,1,['2012-47']
superiority,1,['2011-48']
superior,1,['2008-49']
suggest,1,['1990-64']
suffer,1,['2014-50']
sudden,1,['2014-48']
successful,1,['2005-47']
succeed,1,['2008-47']
strikingly,1,['2004-63']
stress,1,['2000-75']
strength,1,['2000-72']
strategic,1,['2005-49']
stimulus,1,['1990-64']
statistic,1,['2005-48']
starve,1,['2023-49']
start,1,['2001-74']
standard,1,['1996-75']
stand,1,['2005-50']
staff,1,['2021-49']
stable,1,['2017-47']
stability,1,['2021-50']
spy,1,['2022-49']
spread,1,['2000-74']
spot,1,['1998-74']
spirit,1,['2013-49']
specialized,1,['2000-71']
speaker,1,['2017-46']
southeast,1,['2004-63']
south,1,['1998-73']
sound,1,['1998-75']
soon,1,['1998-73']
somewhat,1,['2010-48']
something,1,['1997-71']
solve,1,['2002-65']
solution,1,['2006-48']
soft,1,['2014-48']
socratic,1,['2006-46']
smell,1,['2001-72']
smart,1,['2001-75']
small,1,['1998-74']
single,1,['2012-46']
simulate,1,['2023-48']
simply,1,['1993-71']
similar,1,['2019-49']
significance,1,['2007-50']
sign,1,['2017-46']
side,1,['1990-62']
shut,1,['1991-71']
shipload,1,['2015-49']
sheer,1,['2015-48']
shape,1,['2002-63']
shall,1,['2006-46']
shaky,1,['2010-46']
several,1,['1996-72']
seven,1,['2021-48']
serve,1,['2005-46']
serious,1,['2019-50']
series,1,['1994-72']
sentence,1,['2008-46']
sensitive,1,['2023-50']
selective,1,['2002-63']
selection,1,['2002-63']
secure,1,['2009-49']
sector,1,['2017-49']
secret,1,['2022-47']
scovell,1,['2022-47']
score,1,['1990-65']
scientifically,1,['1998-75']
schooling,1,['2009-50']
schoolchildren,1,['2017-48']
scare,1,['2019-46']
sapir,1,['2004-63']
sapereaude,1,['2020-50']
salary,1,['2006-50']
rule,1,['2006-49']
root,1,['2004-61']
rome,1,['2018-47']
robots,1,['2011-46']
robot,1,['2001-71']
richness,1,['2015-50']
revolve,1,['1994-74']
revolution,1,['1994-72']
revelation,1,['2020-47']
return,1,['2019-49']
responsible,1,['2002-64']
response,1,['1990-64']
resolve,1,['2002-65']
researcher,1,['2001-73']
rescue,1,['2010-46']
reproducible,1,['2019-50']
represent,1,['2012-49']
report,1,['1998-73']
repeat,1,['1993-73']
render,1,['2014-50']
remove,1,['2023-47']
remember,1,['2018-50']
remarkable,1,['2000-73']
rely,1,['2007-50']
religious,1,['2018-46']
reliability,1,['1995-72']
relevance,1,['2022-50']
relaxation,1,['2001-72']
relatively,1,['2000-75']
relationship,1,['2004-64']
relate,1,['1996-73']
reject,1,['2002-65']
reign,1,['1998-72']
regardless,1,['2010-47']
reflection,1,['2006-50']
refinement,1,['1998-74']
refers,1,['1999-74']
reference,1,['2013-50']
refer,1,['1992-71']
reduce,1,['2023-47']
recreate,1,['1999-71']
recent,1,['2005-46']
really,1,['2015-47']
real,1,['2015-50']
read,1,['2022-46']
raw,1,['2015-48']
rationalization,1,['2011-48']
rationalist,1,['2020-48']
rarely,1,['2014-48']
raise,1,['1990-64']
rage,1,['2001-75']
radio,1,['2005-47']
quite,1,['2023-48']
quick,1,['2018-48']
question,1,['2011-47']
quarrel,1,['1999-72']
quantity,1,['2019-48']
purely,1,['2008-47']
pure,1,['1994-75']
punish,1,['1992-75']
publication,1,['2019-49']
public,1,['2018-49']
provider,1,['2017-49']
prove,1,['1994-74']
prosper,1,['2018-48']
promotion,1,['2022-50']
promote,1,['2017-50']
profoundly,1,['2007-48']
professional,1,['2018-48']
product,1,['2009-47']
prey,1,['2010-48']
press,1,['2019-46']
presence,1,['2010-47']
preferable,1,['2007-50']
predominantly,1,['2021-49']
predominance,1,['2017-46']
prediction,1,['1995-72']
precisely,1,['1995-74']
precise,1,['1993-71']
postgraduate,1,['2021-49']
post,1,['2019-47']
possession,1,['2002-64']
position,1,['2017-47']
pollution,1,['2001-71']
political,1,['2007-49']
pole,1,['1998-73']
plentiful,1,['1991-72']
pleasure,1,['2006-46']
playhouse,1,['2018-49']
plausible,1,['1998-75']
plan,1,['2017-50']
pinch,1,['1991-74']
piece,1,['2001-73']
physically,1,['2010-48']
phrase,1,['2020-50']
philosophy,1,['2020-49']
perspective,1,['2003-63']
personal,1,['2014-49']
permanent,1,['2018-48']
perfectly,1,['2016-49']
pathway,1,['2012-50']
passing,1,['2018-46']
passage,1,['2014-48']
partly,1,['2002-62']
particle,1,['1998-75']
parallel,1,['2007-47']
pain,1,['2016-48']
owe,1,['2000-73']
overwork,1,['2010-48']
outside,1,['1997-74']
outset,1,['1997-73']
outcome,1,['2023-48']
ourselves,1,['2013-49']
origins,1,['2012-47']
original,1,['2009-46']
organisation,1,['2017-50']
orderly,1,['2003-62']
oppression,1,['2013-49']
opine,1,['2008-46']
operational,1,['2000-71']
operating,1,['2017-50']
operate,1,['2001-75']
oil,1,['1991-71']
offend,1,['2001-71']
off,1,['1991-71']
odd,1,['1998-75']
occur,1,['2000-75']
occasion,1,['1993-75']
observer,1,['2008-48']
observation,1,['2008-46']
obscure,1,['2022-48']
oblige,1,['2004-62']
obligation,1,['2006-47']
notion,1,['2007-50']
notice,1,['2008-49']
nothing,1,['1993-71']
north,1,['2015-49']
norm,1,['2021-49']
nonsense,1,['2019-46']
noncommercial,1,['2010-49']
non,1,['2023-50']
next,1,['2001-74']
newspaper,1,['2005-47']
network,1,['2005-48']
neglect,1,['2011-48']
negatively,1,['2023-47']
nearer,1,['2010-47']
national,1,['2015-48']
napoleonic,1,['2022-49']
myself,1,['2011-47']
music,1,['2014-46']
multi,1,['2005-47']
movement,1,['2000-75']
move,1,['1994-71']
motive,1,['2009-46']
motion,1,['1993-75']
mostly,1,['1996-73']
monitor,1,['2001-71']
moment,1,['2016-50']
modify,1,['2003-61']
mode,1,['1993-71']
mistake,1,['1997-75']
millennium,1,['2001-73']
migration,1,['2000-75']
middle,1,['2021-48']
mentally,1,['2015-46']
mend,1,['2015-46']
meet,1,['2017-50']
medieval,1,['2020-46']
medical,1,['2019-46']
measurement,1,['1993-72']
meaningful,1,['2019-50']
material,1,['2022-49']
match,1,['1991-73']
manage,1,['1993-73']
major,1,['2017-49']
maine,1,['2015-50']
magic,1,['2013-49']
magazine,1,['2005-47']
lower,1,['1991-75']
love,1,['2016-48']
longer,1,['2020-48']
logician,1,['2020-48']
livelihood,1,['2018-48']
literature,1,['2018-47']
list,1,['2022-47']
link,1,['2007-47']
linguistic,1,['2004-65']
limited,1,['2008-47']
limitation,1,['2011-50']
likely,1,['1991-72']
lifestyle,1,['2023-46']
liberated,1,['2013-50']
level,1,['2021-46']
let,1,['2014-47']
legal,1,['2007-46']
leader,1,['1994-72']
lay,1,['2019-46']
laugh,1,['1997-75']
latter,1,['1993-72']
latin,1,['2020-50']
land,1,['2010-50']
ladder,1,['2022-50']
knowledge,1,['2020-50']
kitchen,1,['2001-75']
kingdom,1,['2017-47']
kindness,1,['2016-48']
kill,1,['2010-48']
key,1,['2001-73']
justify,1,['2013-50']
just,1,['2022-50']
jump,1,['2010-46']
judge,1,['2006-47']
journal,1,['2019-46']
joshua,1,['2012-49']
itself,1,['2014-46']
item,1,['2002-62']
isn,1,['1997-71']
involve,1,['2006-50']
invite,1,['1997-73']
investigation,1,['1993-71']
invention,1,['1994-72']
invent,1,['1994-74']
intrusive,1,['2023-50']
intrinsic,1,['2010-47']
interplay,1,['2015-48']
interested,1,['2004-64']
interest,1,['1999-72']
interaction,1,['2023-48']
interact,1,['2023-48']
intently,1,['2008-46']
intensity,1,['2014-48']
intellect,1,['2008-50']
integration,1,['2001-74']
integrate,1,['2020-49']
instinct,1,['1997-75']
instant,1,['2015-47']
insight,1,['1994-71']
insects,1,['2010-46']
inquiry,1,['1999-74']
innumerable,1,['1994-72']
injurious,1,['2008-50']
inform,1,['1995-71']
inflationary,1,['1998-74']
inflation,1,['1998-75']
inferiority,1,['2011-48']
inevitable,1,['2014-50']
inequality,1,['1995-75']
industry,1,['2000-72']
industrialized,1,['2000-74']
industrialization,1,['2000-74']
induction,1,['1993-73']
indeed,1,['2022-48']
increasingly,1,['2005-47']
incorporate,1,['2019-48']
incompetent,1,['1995-71']
incentive,1,['2018-46']
impulse,1,['2012-46']
improvement,1,['1994-72']
imprisons,1,['2004-65']
implicit,1,['2013-50']
impact,1,['2023-47']
immigrant,1,['2015-49']
immense,1,['2003-65']
immediate,1,['1996-73']
imagine,1,['1993-74']
illusion,1,['2011-47']
ill,1,['1995-71']
ignorant,1,['2018-47']
identity,1,['2005-49']
humbly,1,['2008-49']
hot,1,['1998-74']
honor,1,['2018-47']
home,1,['2001-75']
hold,1,['2002-64']
hobby,1,['2023-46']
himself,1,['2022-48']
hide,1,['2015-47']
her,1,['1990-64']
hence,1,['2000-71']
heaven,1,['1994-74']
hear,1,['1993-73']
heal,1,['2015-46']
headquarters,1,['2022-47']
head,1,['1991-73']
hard,1,['2002-62']
happiness,1,['2008-50']
happily,1,['2016-50']
happen,1,['1997-75']
habitual,1,['2004-64']
guide,1,['2012-48']
growth,1,['2021-50']
grow,1,['1995-75']
ground,1,['1998-73']
gross,1,['1995-75']
greenbergian,1,['2012-50']
greenberg,1,['2012-49']
greek,1,['2004-61']
greece,1,['2018-47']
grammatical,1,['2004-65']
gradually,1,['2009-47']
graddol,1,['2017-49']
goal,1,['1996-73']
giant,1,['1998-72']
get,1,['2019-49']
georgia,1,['2015-50']
george,1,['2022-47']
geographic,1,['2015-48']
geocentric,1,['2020-47']
genius,1,['1994-71']
generative,1,['2012-46']
generate,1,['2019-46']
generally,1,['1996-72']
gather,1,['2003-63']
gap,1,['2020-46']
game,1,['2010-48']
galileo,1,['1994-74']
gain,1,['2017-48']
functioning,1,['2010-50']
front,1,['2001-72']
fresh,1,['2021-49']
french,1,['2022-47']
freethinking,1,['2014-47']
freedom,1,['2014-49']
found,1,['2008-48']
formulate,1,['2002-63']
former,1,['1993-72']
formal,1,['2009-50']
forge,1,['2007-47']
forestry,1,['2010-49']
foreseen,1,['1996-72']
foreseeable,1,['2017-46']
fluency,1,['2017-48']
five,1,['2021-48']
finer,1,['1993-72']
finding,1,['1998-73']
financing,1,['1994-75']
filter,1,['2012-48']
fight,1,['2014-50']
few,1,['1991-74']
felt,1,['2008-47']
feature,1,['2007-49']
favour,1,['2019-49']
favorite,1,['2023-46']
favorable,1,['1995-75']
fault,1,['1995-71']
fascinating,1,['1996-74']
farthest,1,['1998-71']
farmer,1,['1991-74']
fancy,1,['2003-61']
family,1,['2012-50']
fall,1,['2005-50']
fair,1,['1992-73']
failure,1,['1992-72']
fail,1,['2010-46']
fade,1,['2017-46']
faculty,1,['2021-49']
factual,1,['2006-48']
face,1,['2011-47']
fabricate,1,['2004-63']
fabric,1,['2005-49']
extremist,1,['1997-74']
extremes,1,['1997-73']
extremely,1,['2022-49']
extract,1,['1993-73']
extent,1,['1996-71']
expose,1,['2000-73']
explosion,1,['2000-75']
exploitation,1,['2011-48']
explicit,1,['2013-50']
explanatory,1,['2002-62']
expense,1,['1994-75']
existence,1,['1998-72']
exhibit,1,['1990-61']
exclude,1,['2006-48']
exchange,1,['1997-72']
exaggeration,1,['2005-50']
exact,1,['1993-71']
evolutionary,1,['2012-48']
evolution,1,['2002-63']
everywhere,1,['2000-73']
everyday,1,['2007-47']
ever,1,['1991-72']
eventually,1,['2010-50']
establishment,1,['1996-72']
error,1,['2008-46']
erroneous,1,['2011-46']
era,1,['2020-49']
equipment,1,['2007-46']
equip,1,['2001-72']
equation,1,['2012-46']
equate,1,['1999-75']
equally,1,['1999-75']
equal,1,['1992-74']
environmental,1,['1990-65']
entry,1,['2021-47']
entitlement,1,['1997-72']
entire,1,['2018-50']
enthusiasm,1,['2019-46']
ensure,1,['2019-50']
enrollment,1,['2021-46']
enquiry,1,['2003-62']
enlarge,1,['2009-46']
enjoy,1,['1990-65']
enhance,1,['2007-50']
england,1,['2018-47']
endeavor,1,['2003-62']
encouragement,1,['2017-48']
employ,1,['2023-49']
empirical,1,['2012-49']
emphasis,1,['2003-63']
elsewhere,1,['2005-47']
eliminate,1,['2010-50']
elementary,1,['1998-75']
element,1,['2010-50']
elegant,1,['1996-74']
elegance,1,['1996-75']
electronic,1,['2001-74']
elect,1,['2006-46']
eighty,1,['2005-48']
eight,1,['2021-48']
efficiency,1,['2000-72']
educate,1,['2007-46']
economy,1,['2000-72']
economist,1,['2000-71']
economic,1,['2010-47']
ecologically,1,['2010-49']
eclipse,1,['2020-46']
eat,1,['2010-46']
earn,1,['2006-50']
early,1,['2000-74']
each,1,['2020-47']
due,1,['1990-65']
dry,1,['1991-71']
driving,1,['1994-75']
drawn,1,['2010-47']
draw,1,['1992-75']
dramatic,1,['2018-50']
double,1,['2021-48']
don,1,['2015-46']
dominant,1,['1998-72']
doll,1,['2001-72']
doesn,1,['2015-47']
document,1,['2022-47']
divide,1,['2005-50']
divert,1,['1995-71']
diverse,1,['2004-61']
distinguish,1,['2009-50']
disposition,1,['2009-48']
dispassioned,1,['2003-62']
disorder,1,['2001-75']
discussion,1,['1997-73']
discovery,1,['2001-73']
discipline,1,['1999-72']
discernible,1,['2013-48']
disable,1,['2001-71']
directive,1,['2009-47']
direction,1,['1994-72']
differing,1,['1993-75']
difference,1,['1990-65']
differ,1,['1993-72']
dietary,1,['2019-46']
die,1,['2004-62']
didn,1,['2013-48']
developing,1,['2000-74']
determinism,1,['2004-65']
detector,1,['1998-73']
detect,1,['2008-46']
detail,1,['1996-72']
despite,1,['2020-48']
deprive,1,['1990-65']
dependency,1,['2012-50']
demoralization,1,['2013-49']
demonstrate,1,['2005-48']
delivery,1,['2023-50']
delightful,1,['1996-74']
definition,1,['1999-71']
deduction,1,['1993-73']
dedicate,1,['2006-49']
david,1,['2017-49']
darwinism,1,['2012-47']
darwin,1,['2008-50']
dare,1,['2020-50']
daily,1,['2007-47']
cut,1,['2015-46']
curriculum,1,['2017-48']
cure,1,['2016-49']
curb,1,['2019-48']
criticism,1,['1999-75']
criticise,1,['1992-72']
critical,1,['2023-50']
crisis,1,['1991-73']
credit,1,['2002-64']
creature,1,['2010-48']
creativity,1,['2023-47']
creation,1,['2018-46']
cover,1,['2007-47']
courageous,1,['2014-47']
cosmos,1,['1998-72']
cosmic,1,['1998-75']
convey,1,['2005-46']
convention,1,['2007-48']
contribution,1,['2011-46']
contrast,1,['1990-65']
contract,1,['1997-72']
continually,1,['2011-47']
contentedness,1,['2017-47']
contend,1,['1994-72']
contain,1,['2011-50']
contact,1,['2009-48']
constraint,1,['2012-49']
constrained,1,['2012-47']
constitution,1,['2007-49']
constant,1,['2021-46']
consideration,1,['1997-73']
connection,1,['2004-61']
conforms,1,['1999-71']
conflict,1,['1990-62']
confidence,1,['1992-75']
concrete,1,['2003-65']
computer,1,['2001-72']
composer,1,['2014-48']
completely,1,['1996-71']
competent,1,['2007-49']
compensating,1,['2008-46']
compensate,1,['1995-75']
comparable,1,['1992-72']
company,1,['2018-48']
commercial,1,['2010-50']
comfortable,1,['1991-75']
comedy,1,['2018-46']
co,1,['2012-50']
closely,1,['1999-71']
close,1,['1998-73']
classify,1,['1992-71']
classical,1,['2018-46']
class,1,['2021-47']
citizen,1,['2007-48']
cite,1,['2019-49']
chomsky,1,['2012-50']
chip,1,['2001-72']
chief,1,['2009-49']
cheap,1,['1991-72']
chat,1,['2001-71']
chance,1,['2021-50']
centre,1,['2020-47']
centralize,1,['2000-71']
central,1,['1990-63']
celebrity,1,['2023-46']
car,1,['2001-71']
capacity,1,['1990-64']
capable,1,['2015-47']
canadian,1,['2007-49']
calendar,1,['2001-73']
businessman,1,['2006-49']
built,1,['2001-72']
broken,1,['2015-46']
broader,1,['2017-49']
broadcaster,1,['2019-46']
broad,1,['2009-50']
bridge,1,['2020-46']
breakthrough,1,['2001-73']
breakout,1,['2001-75']
breaking,1,['2022-50']
break,1,['2022-46']
boy,1,['2018-47']
bound,1,['2015-49']
bottom,1,['2011-48']
borne,1,['1998-73']
bone,1,['2015-46']
body,1,['2015-46']
boa,1,['2004-63']
blame,1,['2013-49']
black,1,['1990-65']
birth,1,['2018-46']
biologist,1,['2010-48']
biological,1,['1990-62']
bind,1,['2000-72']
billion,1,['1998-71']
bias,1,['2012-49']
best,1,['2011-49']
belief,1,['2003-64']
behind,1,['2015-47']
battle,1,['2022-46']
basic,1,['2007-49']
base,1,['1998-73']
balloon,1,['1998-73']
balance,1,['1993-72']
aware,1,['2023-47']
available,1,['2016-50']
availability,1,['1995-73']
autonomous,1,['2002-64']
authority,1,['2011-50']
author,1,['2018-50']
augment,1,['1999-73']
attitude,1,['1992-75']
attend,1,['2021-47']
attack,1,['1995-71']
atlantic,1,['2015-49']
assumption,1,['2011-46']
assimilate,1,['2004-62']
assert,1,['2008-47']
asia,1,['2004-63']
articulate,1,['2014-46']
art,1,['2003-64']
arrive,1,['2001-72']
array,1,['2011-50']
arrange,1,['2019-49']
arose,1,['2012-48']
army,1,['2022-47']
area,1,['1997-74']
appropriateness,1,['1995-72']
applicant,1,['2019-48']
appliance,1,['2001-75']
appear,1,['2017-48']
apparatus,1,['1993-72']
anywhere,1,['2015-47']
anyone,1,['2019-47']
anthropological,1,['2003-65']
ancient,1,['2020-47']
analyze,1,['2022-48']
analogous,1,['2006-47']
american,1,['1991-74']
ambition,1,['2018-48']
always,1,['2016-50']
although,1,['2016-49']
already,1,['2020-50']
alliance,1,['2018-49']
allen,1,['2011-46']
algorithm,1,['2023-48']
agreed,1,['1997-71']
againin,1,['2021-48']
after,1,['2015-49']
advocate,1,['2014-49']
advanced,1,['2010-49']
advance,1,['1996-71']
adult,1,['2009-48']
add,1,['2008-49']
act,1,['2009-48']
achievement,1,['2002-64']
accuse,1,['2004-63']
accurate,1,['1993-72']
accomplishment,1,['2006-48']
accelerate,1,['1996-71']
absence,1,['2010-47']
abruptly,1,['2014-48']
above,1,['2000-73']
